person_id;couple_id
1;2
27;7
35;1
39;1
780;1
41;1
783;1
2;1
3;1
4;1
5;1
9;48
10;9
11;82
13;48
14;48
15;48
16;8
17;8
18;8
19;8
20;120
23;131
43;131
24;131
771;16
773;17
26;18
44;18
46;19
28;206
29;11
30;11
32;12
33;12
775;12
34;12
47;2
36;2
37;2
799;2
38;2
788;2
42;2
776;7
792;7
48;7
40;7
778;7
176;7
62;7
779;7
63;7
64;204
65;29
66;29
68;31
69;31
70;31
71;203
72;5
781;5
73;5
74;205
75;4
782;4
76;207
77;3
78;32
82;20
793;20
83;20
794;21
797;21
800;21
85;21
86;21
88;33
89;33
90;22
801;22
79;4
80;52
767;9
768;9
49;35
50;35
51;34
52;34
53;34
54;36
92;36
93;36
94;36
95;36
96;36
97;36
99;55
55;37
56;37
57;37
58;39
59;39
101;40
802;40
102;40
104;41
825;42
826;42
6;82
106;43
107;43
108;43
132;43
133;43
134;43
136;19
109;46
827;41
866;15
60;55
110;10
139;10
111;54
112;54
113;53
114;53
115;9
117;50
140;50
141;50
142;50
143;50
122;47
803;2
150;92
131;92
126;58
153;60
154;60
127;58
156;61
830;61
157;61
128;30
868;62
869;62
129;83
159;63
160;63
161;63
191;63
831;59
178;59
162;59
192;59
832;64
195;66
164;66
833;66
196;28
834;28
870;28
199;28
165;27
871;27
201;27
202;27
168;336
835;336
878;336
187;336
188;336
203;335
204;25
185;25
186;25
181;24
180;24
836;24
806;24
183;24
837;24
838;24
839;57
184;71
205;71
206;57
207;72
208;72
209;56
841;73
872;73
179;56
189;75
210;75
211;75
212;56
214;77
215;77
216;77
842;77
217;56
844;79
845;79
846;79
847;83
170;26
171;26
172;26
173;26
174;26
218;26
219;26
220;26
221;80
222;80
224;1
851;73
247;84
248;73
250;85
251;85
253;74
259;90
260;90
262;91
854;91
265;34
227;8
228;8
266;64
267;64
268;55
269;38
270;38
271;38
875;55
229;109
243;97
231;98
232;98
234;99
235;99
236;97
856;97
857;97
237;97
877;103
238;105
239;104
240;104
275;106
276;106
241;101
293;93
294;93
297;103
860;107
861;107
862;101
302;55
304;110
306;110
863;110
308;110
310;113
312;114
313;114
314;113
316;115
317;110
318;110
774;118
278;14
279;118
280;121
61;117
281;119
282;123
320;118
926;117
284;224
287;119
327;119
329;126
330;124
331;125
332;125
288;119
333;126
334;119
927;230
880;231
335;127
336;128
339;128
357;129
340;130
341;119
359;132
881;132
882;132
883;132
362;119
343;135
363;136
364;136
345;135
366;137
884;138
346;139
928;139
347;139
369;137
370;137
885;179
348;160
356;151
372;149
349;140
886;197
373;171
929;143
350;135
375;185
376;163
377;190
351;135
379;178
380;135
381;145
382;202
888;191
352;142
889;157
890;186
891;185
385;141
386;152
387;189
391;185
892;187
895;179
896;196
405;185
392;183
409;190
412;199
899;165
900;199
413;227
393;201
416;176
417;175
901;194
418;159
421;163
422;193
425;185
394;161
931;181
427;189
428;196
429;150
395;141
430;169
397;178
432;149
434;158
435;140
436;226
904;140
398;225
932;148
438;195
439;155
441;172
400;140
444;185
445;172
906;189
446;182
447;195
448;198
450;195
908;179
909;193
910;175
911;155
914;149
451;177
402;140
452;163
933;160
468;149
471;178
935;183
917;163
472;178
473;185
474;160
476;140
455;119
477;185
918;185
920;163
456;140
478;166
479;197
458;180
480;159
481;200
459;144
483;191
484;166
485;151
486;175
487;174
921;171
922;163
489;174
491;155
461;144
936;160
938;119
495;152
462;119
496;192
937;144
497;185
500;145
502;227
466;178
463;183
504;168
464;201
505;149
465;227
507;228
924;186
510;173
511;188
512;170
513;167
515;140
925;163
516;232
517;184
177;119
542;147
543;147
518;140
544;149
939;156
545;157
554;208
555;208
523;210
524;211
525;211
526;215
527;215
528;209
980;216
529;213
530;213
558;217
559;217
560;123
531;123
981;123
532;123
533;123
561;123
563;218
564;218
565;218
944;218
566;219
567;220
568;220
535;221
536;221
537;222
569;222
983;223
283;223
945;223
984;223
571;224
572;224
573;224
574;224
575;224
576;224
577;224
578;224
538;233
580;233
947;211
588;213
790;234
948;237
949;238
950;239
592;240
879;224
242;264
865;241
25;242
67;243
952;245
953;208
601;132
225;246
954;247
958;246
959;246
960;247
961;247
956;262
286;248
982;249
966;250
969;250
970;251
972;250
971;252
975;249
985;249
976;204
519;253
989;253
354;253
990;253
991;265
124;254
994;254
1028;255
770;259
997;259
998;259
1029;256
1030;257
1031;257
1032;257
1033;257
602;257
603;257
604;258
605;259
120;260
612;260
613;260
1001;260
1002;260
1003;260
1004;260
1006;92
1005;266
1008;266
1009;266
223;267
1016;267
1017;267
1021;269
1022;269
1023;269
1024;269
1025;269
1026;269
1027;269
1034;269
1073;269
1037;47
1038;47
1039;47
1040;273
1041;272
123;270
1074;270
1042;270
1075;270
1076;270
1077;270
1078;270
1043;272
615;274
616;17
630;17
631;238
632;122
633;122
617;275
618;277
619;275
620;275
636;275
621;275
622;275
623;275
639;277
640;277
624;277
641;279
642;288
644;279
645;281
646;282
625;283
652;280
653;280
654;280
655;283
1049;280
656;286
666;285
657;287
1079;286
658;286
659;286
670;286
660;275
673;276
1080;290
661;291
674;289
677;292
680;291
662;291
1050;291
683;294
663;291
684;291
687;293
689;296
690;298
691;298
534;289
695;299
1052;299
697;300
698;300
1053;301
1054;301
700;235
701;236
703;302
705;303
1056;305
1057;206
706;306
707;306
708;306
796;24
709;307
713;308
715;307
716;307
1059;307
718;309
1060;79
711;56
720;310
551;310
722;310
723;310
724;310
725;310
728;311
1062;311
729;311
730;311
151;311
129;312
847;312
733;312
734;312
735;312
736;312
737;312
552;313
731;314
742;314
745;314
1063;312
744;319
1065;315
1066;315
748;316
751;316
749;321
752;322
167;323
804;323
754;323
1068;323
755;323
753;324
1067;325
760;327
761;327
763;328
765;329
766;329
1070;333
805;334
777;337
169;338
814;339
815;340
807;341
843;342
821;344
824;234
784;346
539;346
585;346
403;347
627;348
1083;349
404;349
626;348
1082;348
355;348
586;350
607;351
628;351
467;351
587;352
163;353
290;345
