id;person1_id;person2_id;marriage;separation;local;created_at;updated_at
1;1;4;1941-02-28;;;2023-05-15 01:36:51 UTC;2023-05-15 01:36:51 UTC
2;2;3;;;;2023-05-15 01:36:51 UTC;2023-05-15 01:36:51 UTC
3;6;80;1975-01-16;;;2023-05-15 01:36:51 UTC;2023-05-15 01:36:51 UTC
4;7;77;1972-07-22;;;2023-05-15 01:36:51 UTC;2023-05-15 01:36:51 UTC
5;8;73;1981-09-05;;;2023-05-15 01:36:52 UTC;2023-05-15 01:36:52 UTC
6;13;280;;;;2023-05-15 01:36:52 UTC;2023-05-15 01:36:52 UTC
7;14;15;;;;2023-05-15 01:36:52 UTC;2023-05-15 01:36:52 UTC
8;5;16;1962-05-12;;;2023-05-15 01:36:52 UTC;2023-05-15 01:36:52 UTC
9;19;148;;;;2023-05-15 01:36:52 UTC;2023-05-15 01:36:52 UTC
10;19;162;;;;2023-05-15 01:36:52 UTC;2023-05-15 01:36:52 UTC
11;20;42;1984-11-17;;;2023-05-15 01:36:52 UTC;2023-05-15 01:36:52 UTC
12;20;45;1957-01-14;;;2023-05-15 01:36:52 UTC;2023-05-15 01:36:52 UTC
13;25;28;1995-02-04;2007-02-04;;2023-05-15 01:36:52 UTC;2023-05-15 01:36:52 UTC
14;25;385;2017-03-25;;;2023-05-15 01:36:52 UTC;2023-05-15 01:36:52 UTC
15;24;27;2000-09-16;;;2023-05-15 01:36:52 UTC;2023-05-15 01:36:52 UTC
17;30;33;;;;2023-05-15 01:36:52 UTC;2023-05-15 01:36:52 UTC
18;30;35;2001-05-18;;;2023-05-15 01:36:52 UTC;2023-05-15 01:36:52 UTC
19;21;37;;;;2023-05-15 01:36:52 UTC;2023-05-15 01:36:52 UTC
20;38;40;;;;2023-05-15 01:36:52 UTC;2023-05-15 01:36:52 UTC
21;46;170;;;;2023-05-15 01:36:52 UTC;2023-05-15 01:36:52 UTC
22;47;87;;;;2023-05-15 01:36:52 UTC;2023-05-15 01:36:52 UTC
23;49;171;;;;2023-05-15 01:36:52 UTC;2023-05-15 01:36:52 UTC
24;53;234;;;;2023-05-15 01:36:52 UTC;2023-05-15 01:36:52 UTC
25;53;235;;;;2023-05-15 01:36:52 UTC;2023-05-15 01:36:52 UTC
26;54;176;;;;2023-05-15 01:36:53 UTC;2023-05-15 01:36:53 UTC
29;57;271;;;;2023-05-15 01:36:53 UTC;2023-05-15 01:36:53 UTC
30;60;180;;;;2023-05-15 01:36:53 UTC;2023-05-15 01:36:53 UTC
31;61;179;;;;2023-05-15 01:36:53 UTC;2023-05-15 01:36:53 UTC
32;10;66;1985-09-15;;;2023-05-15 01:36:53 UTC;2023-05-15 01:36:53 UTC
33;66;190;;;;2023-05-15 01:36:53 UTC;2023-05-15 01:36:53 UTC
34;9;69;1975-07-12;;;2023-05-15 01:36:53 UTC;2023-05-15 01:36:53 UTC
35;81;82;;;;2023-05-15 01:36:53 UTC;2023-05-15 01:36:53 UTC
36;48;93;;;;2023-05-15 01:36:53 UTC;2023-05-15 01:36:53 UTC
37;100;167;;;;2023-05-15 01:36:53 UTC;2023-05-15 01:36:53 UTC
38;101;166;;;;2023-05-15 01:36:53 UTC;2023-05-15 01:36:53 UTC
39;99;102;1944-06-17;;Uraí/PR;2023-05-15 01:36:53 UTC;2023-05-15 01:36:53 UTC
40;115;116;;;;2023-05-15 01:36:53 UTC;2023-05-15 01:36:53 UTC
41;117;314;;;;2023-05-15 01:36:53 UTC;2023-05-15 01:36:53 UTC
42;119;169;;;;2023-05-15 01:36:53 UTC;2023-05-15 01:36:53 UTC
43;120;122;;;;2023-05-15 01:36:53 UTC;2023-05-15 01:36:53 UTC
44;123;126;;;;2023-05-15 01:36:53 UTC;2023-05-15 01:36:53 UTC
45;121;128;;;;2023-05-15 01:36:53 UTC;2023-05-15 01:36:53 UTC
46;131;132;;;;2023-05-15 01:36:53 UTC;2023-05-15 01:36:53 UTC
47;134;315;1959-09-18;;Pompéia/SP;2023-05-15 01:36:53 UTC;2023-05-15 01:36:53 UTC
48;136;139;;;;2023-05-15 01:36:53 UTC;2023-05-15 01:36:53 UTC
49;48;141;;;;2023-05-15 01:36:53 UTC;2023-05-15 01:36:53 UTC
50;144;145;;;;2023-05-15 01:36:53 UTC;2023-05-15 01:36:53 UTC
51;17;147;;;;2023-05-15 01:36:53 UTC;2023-05-15 01:36:53 UTC
52;147;172;;;;2023-05-15 01:36:54 UTC;2023-05-15 01:36:54 UTC
53;155;156;;;;2023-05-15 01:36:54 UTC;2023-05-15 01:36:54 UTC
54;157;316;;;;2023-05-15 01:36:54 UTC;2023-05-15 01:36:54 UTC
55;162;163;;;;2023-05-15 01:36:54 UTC;2023-05-15 01:36:54 UTC
56;149;164;;;;2023-05-15 01:36:54 UTC;2023-05-15 01:36:54 UTC
57;150;165;1953-03-12;;Sorocaba/SP;2023-05-15 01:36:54 UTC;2023-05-15 01:36:54 UTC
58;18;168;;;;2023-05-15 01:36:54 UTC;2023-05-15 01:36:54 UTC
59;51;174;;;;2023-05-15 01:36:54 UTC;2023-05-15 01:36:54 UTC
60;52;175;;;;2023-05-15 01:36:54 UTC;2023-05-15 01:36:54 UTC
61;64;177;;;;2023-05-15 01:36:54 UTC;2023-05-15 01:36:54 UTC
62;63;178;;;;2023-05-15 01:36:54 UTC;2023-05-15 01:36:54 UTC
63;181;182;;;;2023-05-15 01:36:54 UTC;2023-05-15 01:36:54 UTC
64;185;186;;;;2023-05-15 01:36:54 UTC;2023-05-15 01:36:54 UTC
65;191;192;;;;2023-05-15 01:36:54 UTC;2023-05-15 01:36:54 UTC
66;65;195;;;;2023-05-15 01:36:54 UTC;2023-05-15 01:36:54 UTC
67;200;204;;;;2023-05-15 01:36:54 UTC;2023-05-15 01:36:54 UTC
68;201;206;;;;2023-05-15 01:36:54 UTC;2023-05-15 01:36:54 UTC
69;203;207;;;;2023-05-15 01:36:54 UTC;2023-05-15 01:36:54 UTC
70;211;212;;;;2023-05-15 01:36:54 UTC;2023-05-15 01:36:54 UTC
71;213;214;;;;2023-05-15 01:36:54 UTC;2023-05-15 01:36:54 UTC
72;216;217;;;;2023-05-15 01:36:54 UTC;2023-05-15 01:36:54 UTC
73;218;219;;;;2023-05-15 01:36:55 UTC;2023-05-15 01:36:55 UTC
74;243;244;;;;2023-05-15 01:36:55 UTC;2023-05-15 01:36:55 UTC
75;247;248;;;;2023-05-15 01:36:55 UTC;2023-05-15 01:36:55 UTC
76;251;252;1957-12-21;;;2023-05-15 01:36:55 UTC;2023-05-15 01:36:55 UTC
77;253;297;;;;2023-05-15 01:36:55 UTC;2023-05-15 01:36:55 UTC
78;255;256;;;;2023-05-15 01:36:55 UTC;2023-05-15 01:36:55 UTC
79;255;299;;;;2023-05-15 01:36:55 UTC;2023-05-15 01:36:55 UTC
80;260;261;;;;2023-05-15 01:36:55 UTC;2023-05-15 01:36:55 UTC
81;263;303;;;;2023-05-15 01:36:55 UTC;2023-05-15 01:36:55 UTC
82;266;267;;;;2023-05-15 01:36:55 UTC;2023-05-15 01:36:55 UTC
83;280;281;;;;2023-05-15 01:36:55 UTC;2023-05-15 01:36:55 UTC
84;254;284;;;;2023-05-15 01:36:55 UTC;2023-05-15 01:36:55 UTC
85;285;286;;;;2023-05-15 01:36:55 UTC;2023-05-15 01:36:55 UTC
86;287;288;;;;2023-05-15 01:36:55 UTC;2023-05-15 01:36:55 UTC
87;290;291;;;;2023-05-15 01:36:55 UTC;2023-05-15 01:36:55 UTC
88;293;294;;;;2023-05-15 01:36:55 UTC;2023-05-15 01:36:55 UTC
89;259;300;;;;2023-05-15 01:36:55 UTC;2023-05-15 01:36:55 UTC
90;258;301;;;;2023-05-15 01:36:55 UTC;2023-05-15 01:36:55 UTC
91;264;302;;;;2023-05-15 01:36:55 UTC;2023-05-15 01:36:55 UTC
92;266;304;;;;2023-05-15 01:36:55 UTC;2023-05-15 01:36:55 UTC
93;270;305;;;;2023-05-15 01:36:56 UTC;2023-05-15 01:36:56 UTC
94;269;308;;;;2023-05-15 01:36:56 UTC;2023-05-15 01:36:56 UTC
95;311;312;;;;2023-05-15 01:36:56 UTC;2023-05-15 01:36:56 UTC
96;321;322;;;;2023-05-15 01:36:56 UTC;2023-05-15 01:36:56 UTC
97;323;363;;;;2023-05-15 01:36:56 UTC;2023-05-15 01:36:56 UTC
98;324;364;;;;2023-05-15 01:36:56 UTC;2023-05-15 01:36:56 UTC
99;325;365;;;;2023-05-15 01:36:56 UTC;2023-05-15 01:36:56 UTC
100;326;327;;;;2023-05-15 01:36:56 UTC;2023-05-15 01:36:56 UTC
101;328;329;;;;2023-05-15 01:36:56 UTC;2023-05-15 01:36:56 UTC
102;330;332;;;;2023-05-15 01:36:56 UTC;2023-05-15 01:36:56 UTC
103;331;335;;;;2023-05-15 01:36:56 UTC;2023-05-15 01:36:56 UTC
104;337;350;;;;2023-05-15 01:36:56 UTC;2023-05-15 01:36:56 UTC
105;338;357;;;;2023-05-15 01:36:56 UTC;2023-05-15 01:36:56 UTC
106;339;340;;;;2023-05-15 01:36:56 UTC;2023-05-15 01:36:56 UTC
107;341;342;;;;2023-05-15 01:36:56 UTC;2023-05-15 01:36:56 UTC
108;336;343;;;;2023-05-15 01:36:56 UTC;2023-05-15 01:36:56 UTC
109;344;347;;;;2023-05-15 01:36:56 UTC;2023-05-15 01:36:56 UTC
110;351;359;;;;2023-05-15 01:36:56 UTC;2023-05-15 01:36:56 UTC
111;161;352;;;;2023-05-15 01:36:56 UTC;2023-05-15 01:36:56 UTC
112;355;356;;;;2023-05-15 01:36:56 UTC;2023-05-15 01:36:56 UTC
113;366;367;;;;2023-05-15 01:36:56 UTC;2023-05-15 01:36:56 UTC
114;368;369;;;;2023-05-15 01:36:56 UTC;2023-05-15 01:36:56 UTC
115;370;371;;;;2023-05-15 01:36:56 UTC;2023-05-15 01:36:56 UTC
116;373;374;;;;2023-05-15 01:36:56 UTC;2023-05-15 01:36:56 UTC
117;375;376;;;;2023-05-15 01:36:56 UTC;2023-05-15 01:36:56 UTC
118;379;380;;;;2023-05-15 01:36:57 UTC;2023-05-15 01:36:57 UTC
119;39;384;2006-07-15;;;2023-05-15 01:36:57 UTC;2023-05-15 01:36:57 UTC
120;387;388;1989-02-18;;;2023-05-15 01:36:57 UTC;2023-05-15 01:36:57 UTC
121;390;391;;;;2023-05-15 01:36:57 UTC;2023-05-15 01:36:57 UTC
122;393;394;;;;2023-05-15 01:36:57 UTC;2023-05-15 01:36:57 UTC
123;395;396;;;;2023-05-15 01:36:57 UTC;2023-05-15 01:36:57 UTC
124;397;398;;;;2023-05-15 01:36:57 UTC;2023-05-15 01:36:57 UTC
125;400;401;;;;2023-05-15 01:36:57 UTC;2023-05-15 01:36:57 UTC
126;402;403;;;;2023-05-15 01:36:57 UTC;2023-05-15 01:36:57 UTC
127;406;407;;;;2023-05-15 01:36:57 UTC;2023-05-15 01:36:57 UTC
128;404;405;;;;2023-05-15 01:36:57 UTC;2023-05-15 01:36:57 UTC
129;408;413;;;;2023-05-15 01:36:57 UTC;2023-05-15 01:36:57 UTC
130;415;416;;;;2023-05-15 01:36:57 UTC;2023-05-15 01:36:57 UTC
131;417;418;;;;2023-05-15 01:36:57 UTC;2023-05-15 01:36:57 UTC
132;421;422;;;;2023-05-15 01:36:57 UTC;2023-05-15 01:36:57 UTC
133;419;420;;;;2023-05-15 01:36:57 UTC;2023-05-15 01:36:57 UTC
16;22;29;1962-09-22;;"";2023-05-15 01:36:52 UTC;2023-06-04 02:52:54 UTC
134;425;426;;;;2023-05-15 01:36:57 UTC;2023-05-15 01:36:57 UTC
135;431;432;;;;2023-05-15 01:36:57 UTC;2023-05-15 01:36:57 UTC
136;427;428;;;;2023-05-15 01:36:57 UTC;2023-05-15 01:36:57 UTC
137;433;434;;;;2023-05-15 01:36:57 UTC;2023-05-15 01:36:57 UTC
138;435;436;;;;2023-05-15 01:36:57 UTC;2023-05-15 01:36:57 UTC
139;439;440;;;;2023-05-15 01:36:57 UTC;2023-05-15 01:36:57 UTC
140;441;442;;;;2023-05-15 01:36:58 UTC;2023-05-15 01:36:58 UTC
141;441;444;;;;2023-05-15 01:36:58 UTC;2023-05-15 01:36:58 UTC
142;624;640;;;;2023-05-15 01:36:58 UTC;2023-05-15 01:36:58 UTC
143;551;577;;;;2023-05-15 01:36:58 UTC;2023-05-15 01:36:58 UTC
144;474;481;;;;2023-05-15 01:36:58 UTC;2023-05-15 01:36:58 UTC
145;475;527;;;;2023-05-15 01:36:58 UTC;2023-05-15 01:36:58 UTC
146;542;572;;;;2023-05-15 01:36:58 UTC;2023-05-15 01:36:58 UTC
147;503;535;;;;2023-05-15 01:36:58 UTC;2023-05-15 01:36:58 UTC
148;471;630;;;;2023-05-15 01:36:58 UTC;2023-05-15 01:36:58 UTC
149;536;638;;;;2023-05-15 01:36:58 UTC;2023-05-15 01:36:58 UTC
150;450;530;;;;2023-05-15 01:36:58 UTC;2023-05-15 01:36:58 UTC
151;631;658;;;;2023-05-15 01:36:58 UTC;2023-05-15 01:36:58 UTC
152;578;613;;;;2023-05-15 01:36:58 UTC;2023-05-15 01:36:58 UTC
153;455;569;;;;2023-05-15 01:36:58 UTC;2023-05-15 01:36:58 UTC
154;502;659;;;;2023-05-15 01:36:58 UTC;2023-05-15 01:36:58 UTC
155;456;628;;;;2023-05-15 01:36:58 UTC;2023-05-15 01:36:58 UTC
156;595;641;;;;2023-05-15 01:36:58 UTC;2023-05-15 01:36:58 UTC
157;540;580;;;;2023-05-15 01:36:58 UTC;2023-05-15 01:36:58 UTC
158;519;538;;;;2023-05-15 01:36:58 UTC;2023-05-15 01:36:58 UTC
159;568;650;;;;2023-05-15 01:36:58 UTC;2023-05-15 01:36:58 UTC
160;477;656;;;;2023-05-15 01:36:58 UTC;2023-05-15 01:36:58 UTC
161;484;661;;;;2023-05-15 01:36:58 UTC;2023-05-15 01:36:58 UTC
162;457;532;;;;2023-05-15 01:36:58 UTC;2023-05-15 01:36:58 UTC
163;488;618;;;;2023-05-15 01:36:58 UTC;2023-05-15 01:36:58 UTC
164;543;576;;;;2023-05-15 01:36:58 UTC;2023-05-15 01:36:58 UTC
165;619;649;;;;2023-05-15 01:36:58 UTC;2023-05-15 01:36:58 UTC
166;464;494;;;;2023-05-15 01:36:58 UTC;2023-05-15 01:36:58 UTC
167;496;594;;;;2023-05-15 01:36:58 UTC;2023-05-15 01:36:58 UTC
168;497;573;;;;2023-05-15 01:36:59 UTC;2023-05-15 01:36:59 UTC
169;593;596;;;;2023-05-15 01:36:59 UTC;2023-05-15 01:36:59 UTC
170;467;584;;;;2023-05-15 01:36:59 UTC;2023-05-15 01:36:59 UTC
171;486;636;;;;2023-05-15 01:36:59 UTC;2023-05-15 01:36:59 UTC
172;531;603;;;;2023-05-15 01:36:59 UTC;2023-05-15 01:36:59 UTC
173;610;620;;;;2023-05-15 01:36:59 UTC;2023-05-15 01:36:59 UTC
174;549;609;;;;2023-05-15 01:36:59 UTC;2023-05-15 01:36:59 UTC
175;459;567;;;;2023-05-15 01:36:59 UTC;2023-05-15 01:36:59 UTC
176;468;651;;;;2023-05-15 01:36:59 UTC;2023-05-15 01:36:59 UTC
177;550;608;;;;2023-05-15 01:36:59 UTC;2023-05-15 01:36:59 UTC
178;552;565;;;;2023-05-15 01:36:59 UTC;2023-05-15 01:36:59 UTC
179;510;612;;;;2023-05-15 01:36:59 UTC;2023-05-15 01:36:59 UTC
180;590;652;;;;2023-05-15 01:36:59 UTC;2023-05-15 01:36:59 UTC
181;539;634;;;;2023-05-15 01:36:59 UTC;2023-05-15 01:36:59 UTC
182;585;597;;;;2023-05-15 01:36:59 UTC;2023-05-15 01:36:59 UTC
183;480;599;;;;2023-05-15 01:36:59 UTC;2023-05-15 01:36:59 UTC
184;469;559;;;;2023-05-15 01:36:59 UTC;2023-05-15 01:36:59 UTC
185;533;558;;;;2023-05-15 01:36:59 UTC;2023-05-15 01:36:59 UTC
186;581;622;;;;2023-05-15 01:36:59 UTC;2023-05-15 01:36:59 UTC
187;629;654;;;;2023-05-15 01:36:59 UTC;2023-05-15 01:36:59 UTC
188;495;520;;;;2023-05-15 01:36:59 UTC;2023-05-15 01:36:59 UTC
189;487;643;;;;2023-05-15 01:36:59 UTC;2023-05-15 01:36:59 UTC
190;479;574;;;;2023-05-15 01:36:59 UTC;2023-05-15 01:36:59 UTC
191;476;586;;;;2023-05-15 01:36:59 UTC;2023-05-15 01:36:59 UTC
192;490;591;;;;2023-05-15 01:36:59 UTC;2023-05-15 01:36:59 UTC
193;463;547;;;;2023-05-15 01:37:00 UTC;2023-05-15 01:37:00 UTC
194;604;617;;;;2023-05-15 01:37:00 UTC;2023-05-15 01:37:00 UTC
195;451;604;;;;2023-05-15 01:37:00 UTC;2023-05-15 01:37:00 UTC
196;460;473;;;;2023-05-15 01:37:00 UTC;2023-05-15 01:37:00 UTC
197;522;611;;;;2023-05-15 01:37:00 UTC;2023-05-15 01:37:00 UTC
198;545;561;;;;2023-05-15 01:37:00 UTC;2023-05-15 01:37:00 UTC
199;521;553;;;;2023-05-15 01:37:00 UTC;2023-05-15 01:37:00 UTC
200;515;592;;;;2023-05-15 01:37:00 UTC;2023-05-15 01:37:00 UTC
201;560;621;;;;2023-05-15 01:37:00 UTC;2023-05-15 01:37:00 UTC
202;588;627;;;;2023-05-15 01:37:00 UTC;2023-05-15 01:37:00 UTC
203;462;615;;;;2023-05-15 01:37:00 UTC;2023-05-15 01:37:00 UTC
204;470;498;;;;2023-05-15 01:37:00 UTC;2023-05-15 01:37:00 UTC
205;662;663;;;;2023-05-15 01:37:00 UTC;2023-05-15 01:37:00 UTC
206;664;665;;;;2023-05-15 01:37:00 UTC;2023-05-15 01:37:00 UTC
207;666;667;;;;2023-05-15 01:37:00 UTC;2023-05-15 01:37:00 UTC
208;668;669;;;;2023-05-15 01:37:00 UTC;2023-05-15 01:37:00 UTC
209;670;671;;;;2023-05-15 01:37:01 UTC;2023-05-15 01:37:01 UTC
210;172;672;;;;2023-05-15 01:37:01 UTC;2023-05-15 01:37:01 UTC
211;71;208;;;;2023-05-15 01:37:01 UTC;2023-05-15 01:37:01 UTC
212;81;675;;;;2023-05-15 01:37:01 UTC;2023-05-15 01:37:01 UTC
213;72;676;;;;2023-05-15 01:37:01 UTC;2023-05-15 01:37:01 UTC
214;68;677;;;;2023-05-15 01:37:01 UTC;2023-05-15 01:37:01 UTC
215;76;678;;;;2023-05-15 01:37:01 UTC;2023-05-15 01:37:01 UTC
216;7;679;;;;2023-05-15 01:37:01 UTC;2023-05-15 01:37:01 UTC
217;74;683;;;;2023-05-15 01:37:01 UTC;2023-05-15 01:37:01 UTC
218;75;687;;;;2023-05-15 01:37:01 UTC;2023-05-15 01:37:01 UTC
219;199;691;;;;2023-05-15 01:37:01 UTC;2023-05-15 01:37:01 UTC
220;694;705;;;;2023-05-15 01:37:01 UTC;2023-05-15 01:37:01 UTC
221;695;704;;;;2023-05-15 01:37:01 UTC;2023-05-15 01:37:01 UTC
222;696;703;1967-11-21;;Butantã/SP;2023-05-15 01:37:01 UTC;2023-05-15 01:37:01 UTC
223;697;702;;;;2023-05-15 01:37:01 UTC;2023-05-15 01:37:01 UTC
224;698;701;;;;2023-05-15 01:37:01 UTC;2023-05-15 01:37:01 UTC
225;699;700;;;;2023-05-15 01:37:01 UTC;2023-05-15 01:37:01 UTC
226;721;722;;;;2023-05-15 01:37:01 UTC;2023-05-15 01:37:01 UTC
227;485;639;;;;2023-05-15 01:37:01 UTC;2023-05-15 01:37:01 UTC
228;491;499;;;;2023-05-15 01:37:01 UTC;2023-05-15 01:37:01 UTC
229;541;579;;;;2023-05-15 01:37:01 UTC;2023-05-15 01:37:01 UTC
230;508;642;;;;2023-05-15 01:37:01 UTC;2023-05-15 01:37:01 UTC
231;459;516;;;;2023-05-15 01:37:01 UTC;2023-05-15 01:37:01 UTC
232;523;534;;;;2023-05-15 01:37:01 UTC;2023-05-15 01:37:01 UTC
233;570;575;;;;2023-05-15 01:37:01 UTC;2023-05-15 01:37:01 UTC
234;582;633;;;;2023-05-15 01:37:02 UTC;2023-05-15 01:37:02 UTC
235;79;731;;;;2023-05-15 01:37:02 UTC;2023-05-15 01:37:02 UTC
236;399;734;2019-12-14;;;2023-05-15 01:37:02 UTC;2023-05-15 01:37:02 UTC
237;717;735;;;;2023-05-15 01:37:02 UTC;2023-05-15 01:37:02 UTC
238;719;736;;;;2023-05-15 01:37:02 UTC;2023-05-15 01:37:02 UTC
239;26;740;;;;2023-05-15 01:37:02 UTC;2023-05-15 01:37:02 UTC
240;36;742;;;;2023-05-15 01:37:02 UTC;2023-05-15 01:37:02 UTC
241;626;744;;;;2023-05-15 01:37:02 UTC;2023-05-15 01:37:02 UTC
242;44;746;;;;2023-05-15 01:37:02 UTC;2023-05-15 01:37:02 UTC
243;750;751;;;;2023-05-15 01:37:02 UTC;2023-05-15 01:37:02 UTC
244;752;753;;;;2023-05-15 01:37:02 UTC;2023-05-15 01:37:02 UTC
245;754;755;;;;2023-05-15 01:37:02 UTC;2023-05-15 01:37:02 UTC
246;403;756;;;;2023-05-15 01:37:02 UTC;2023-05-15 01:37:02 UTC
247;757;758;;;;2023-05-15 01:37:02 UTC;2023-05-15 01:37:02 UTC
248;761;762;;;;2023-05-15 01:37:02 UTC;2023-05-15 01:37:02 UTC
249;763;764;;;;2023-05-15 01:37:02 UTC;2023-05-15 01:37:02 UTC
250;770;771;;;;2023-05-15 01:37:02 UTC;2023-05-15 01:37:02 UTC
251;772;773;;;;2023-05-15 01:37:02 UTC;2023-05-15 01:37:02 UTC
252;774;775;;;;2023-05-15 01:37:02 UTC;2023-05-15 01:37:02 UTC
253;776;778;;;;2023-05-15 01:37:02 UTC;2023-05-15 01:37:02 UTC
254;780;781;;;;2023-05-15 01:37:02 UTC;2023-05-15 01:37:02 UTC
255;785;786;;;;2023-05-15 01:37:02 UTC;2023-05-15 01:37:02 UTC
256;791;792;;;;2023-05-15 01:37:02 UTC;2023-05-15 01:37:02 UTC
257;794;795;;;;2023-05-15 01:37:02 UTC;2023-05-15 01:37:02 UTC
258;799;800;;;;2023-05-15 01:37:03 UTC;2023-05-15 01:37:03 UTC
259;796;801;;;;2023-05-15 01:37:03 UTC;2023-05-15 01:37:03 UTC
260;808;809;;;;2023-05-15 01:37:03 UTC;2023-05-15 01:37:03 UTC
261;807;810;;;;2023-05-15 01:37:03 UTC;2023-05-15 01:37:03 UTC
262;812;813;;;;2023-05-15 01:37:03 UTC;2023-05-15 01:37:03 UTC
263;822;825;;;;2023-05-15 01:37:03 UTC;2023-05-15 01:37:03 UTC
264;769;826;;;;2023-05-15 01:37:03 UTC;2023-05-15 01:37:03 UTC
265;175;820;;;;2023-05-15 01:37:03 UTC;2023-05-15 01:37:03 UTC
266;748;749;;;;2023-05-15 01:37:03 UTC;2023-05-15 01:37:03 UTC
267;827;828;;;;2023-05-15 01:37:03 UTC;2023-05-15 01:37:03 UTC
268;822;829;;;;2023-05-15 01:37:03 UTC;2023-05-15 01:37:03 UTC
269;830;831;;;;2023-05-15 01:37:03 UTC;2023-05-15 01:37:03 UTC
270;833;834;;;;2023-05-15 01:37:03 UTC;2023-05-15 01:37:03 UTC
271;835;836;;;;2023-05-15 01:37:03 UTC;2023-05-15 01:37:03 UTC
272;849;850;;;;2023-05-15 01:37:03 UTC;2023-05-15 01:37:03 UTC
273;855;860;1958-03-29;;;2023-05-15 01:37:03 UTC;2023-05-15 01:37:03 UTC
274;858;859;;;;2023-05-15 01:37:03 UTC;2023-05-15 01:37:03 UTC
275;861;862;;;;2023-05-15 01:37:03 UTC;2023-05-15 01:37:03 UTC
276;34;863;;;;2023-05-15 01:37:03 UTC;2023-05-15 01:37:03 UTC
277;870;871;;;;2023-05-15 01:37:03 UTC;2023-05-15 01:37:03 UTC
278;872;873;;;;2023-05-15 01:37:03 UTC;2023-05-15 01:37:03 UTC
279;880;881;;;;2023-05-15 01:37:03 UTC;2023-05-15 01:37:03 UTC
280;882;885;1947-02-08;;Uraí/PR;2023-05-15 01:37:03 UTC;2023-05-15 01:37:03 UTC
281;886;887;;;;2023-05-15 01:37:03 UTC;2023-05-15 01:37:03 UTC
282;889;890;;;;2023-05-15 01:37:03 UTC;2023-05-15 01:37:03 UTC
283;891;892;1880-01-01;;Aichi. Dia e mes desconhecidos;2023-05-15 01:37:03 UTC;2023-05-15 01:37:03 UTC
284;893;894;;;;2023-05-15 01:37:03 UTC;2023-05-15 01:37:03 UTC
285;890;895;;;;2023-05-15 01:37:04 UTC;2023-05-15 01:37:04 UTC
286;888;901;1949-02-12;;Uraí/PR;2023-05-15 01:37:04 UTC;2023-05-15 01:37:04 UTC
287;900;902;;;;2023-05-15 01:37:04 UTC;2023-05-15 01:37:04 UTC
288;904;905;;;;2023-05-15 01:37:04 UTC;2023-05-15 01:37:04 UTC
289;906;907;;;;2023-05-15 01:37:04 UTC;2023-05-15 01:37:04 UTC
290;912;913;;;;2023-05-15 01:37:04 UTC;2023-05-15 01:37:04 UTC
291;916;917;;;;2023-05-15 01:37:04 UTC;2023-05-15 01:37:04 UTC
292;919;920;;;;2023-05-15 01:37:04 UTC;2023-05-15 01:37:04 UTC
293;921;922;;;;2023-05-15 01:37:04 UTC;2023-05-15 01:37:04 UTC
294;923;937;;;;2023-05-15 01:37:04 UTC;2023-05-15 01:37:04 UTC
295;926;927;;;;2023-05-15 01:37:04 UTC;2023-05-15 01:37:04 UTC
296;925;928;;;;2023-05-15 01:37:04 UTC;2023-05-15 01:37:04 UTC
297;932;933;1890-01-01;;Fukuoka. Dia e mes desconhecidos;2023-05-15 01:37:04 UTC;2023-05-15 01:37:04 UTC
298;934;935;;;;2023-05-15 01:37:04 UTC;2023-05-15 01:37:04 UTC
299;924;938;;;;2023-05-15 01:37:04 UTC;2023-05-15 01:37:04 UTC
300;940;941;1915-01-01;;Saga. Dia e mes desconhecidos;2023-05-15 01:37:04 UTC;2023-05-15 01:37:04 UTC
301;716;942;;;;2023-05-15 01:37:04 UTC;2023-05-15 01:37:04 UTC
302;711;945;;;;2023-05-15 01:37:04 UTC;2023-05-15 01:37:04 UTC
303;712;948;;;;2023-05-15 01:37:04 UTC;2023-05-15 01:37:04 UTC
304;714;953;;;;2023-05-15 01:37:04 UTC;2023-05-15 01:37:04 UTC
305;954;955;;;;2023-05-15 01:37:04 UTC;2023-05-15 01:37:04 UTC
306;710;957;;;;2023-05-15 01:37:04 UTC;2023-05-15 01:37:04 UTC
307;142;958;2005-01-28;;;2023-05-15 01:37:04 UTC;2023-05-15 01:37:04 UTC
308;94;961;;;;2023-05-15 01:37:05 UTC;2023-05-15 01:37:05 UTC
309;276;969;;;;2023-05-15 01:37:05 UTC;2023-05-15 01:37:05 UTC
310;966;967;;;;2023-05-15 01:37:05 UTC;2023-05-15 01:37:05 UTC
311;228;973;;;;2023-05-15 01:37:05 UTC;2023-05-15 01:37:05 UTC
312;977;978;;;;2023-05-15 01:37:05 UTC;2023-05-15 01:37:05 UTC
313;985;986;;;;2023-05-15 01:37:05 UTC;2023-05-15 01:37:05 UTC
314;991;992;;;;2023-05-15 01:37:06 UTC;2023-05-15 01:37:06 UTC
315;980;998;;;;2023-05-15 01:37:06 UTC;2023-05-15 01:37:06 UTC
316;236;1000;;;;2023-05-15 01:37:06 UTC;2023-05-15 01:37:06 UTC
317;238;1001;;;;2023-05-15 01:37:06 UTC;2023-05-15 01:37:06 UTC
318;240;1002;;;;2023-05-15 01:37:06 UTC;2023-05-15 01:37:06 UTC
319;241;1003;;;;2023-05-15 01:37:06 UTC;2023-05-15 01:37:06 UTC
320;242;1004;;;;2023-05-15 01:37:06 UTC;2023-05-15 01:37:06 UTC
321;1005;1006;;;;2023-05-15 01:37:06 UTC;2023-05-15 01:37:06 UTC
322;1008;1009;;;;2023-05-15 01:37:06 UTC;2023-05-15 01:37:06 UTC
323;1012;1013;;;;2023-05-15 01:37:06 UTC;2023-05-15 01:37:06 UTC
324;1015;1016;;;;2023-05-15 01:37:06 UTC;2023-05-15 01:37:06 UTC
325;1018;1019;;;;2023-05-15 01:37:06 UTC;2023-05-15 01:37:06 UTC
326;1023;1024;;;;2023-05-15 01:37:06 UTC;2023-05-15 01:37:06 UTC
327;1025;1026;;;;2023-05-15 01:37:06 UTC;2023-05-15 01:37:06 UTC
328;88;1027;;;;2023-05-15 01:37:06 UTC;2023-05-15 01:37:06 UTC
329;89;1028;;;;2023-05-15 01:37:06 UTC;2023-05-15 01:37:06 UTC
330;91;1031;;;;2023-05-15 01:37:06 UTC;2023-05-15 01:37:06 UTC
331;91;1033;;;;2023-05-15 01:37:06 UTC;2023-05-15 01:37:06 UTC
332;90;1036;;;;2023-05-15 01:37:06 UTC;2023-05-15 01:37:06 UTC
333;387;1037;2023-05-22;;;2023-05-26 21:43:36 UTC;2023-05-26 21:43:36 UTC
334;1021;1038;1954-01-02;;;2023-05-26 22:00:55 UTC;2023-05-26 22:00:55 UTC
335;1039;1040;;;;2023-05-26 22:02:05 UTC;2023-05-26 22:02:05 UTC
336;1041;1042;;;;2023-05-26 22:32:34 UTC;2023-05-26 22:32:34 UTC
27;55;229;1955-07-09;;;2023-05-15 01:36:53 UTC;2023-05-26 22:37:56 UTC
28;56;223;1956-11-28;;;2023-05-15 01:36:53 UTC;2023-05-26 22:42:51 UTC
337;1043;1044;;;;2023-05-26 23:24:42 UTC;2023-05-26 23:24:42 UTC
338;1045;1046;;;;2023-05-27 00:43:33 UTC;2023-05-27 00:43:33 UTC
339;231;1048;;;;2023-05-27 01:20:50 UTC;2023-05-27 01:20:50 UTC
340;1049;1050;;;;2023-05-27 01:21:14 UTC;2023-05-27 01:21:14 UTC
341;1051;1052;;;;2023-05-27 01:40:12 UTC;2023-05-27 01:40:12 UTC
342;1053;1054;;;;2023-05-27 02:03:11 UTC;2023-05-27 02:03:11 UTC
343;10;1055;1973-11-18;;São Paulo/SP;2023-05-27 02:23:14 UTC;2023-05-27 02:23:14 UTC
344;1056;1057;;;;2023-05-27 02:23:26 UTC;2023-05-27 02:23:26 UTC
345;389;1059;;;"";2023-05-29 01:33:21 UTC;2023-05-29 01:33:21 UTC
346;1060;1061;;;"";2023-06-25 15:31:22 UTC;2023-06-25 15:31:22 UTC
347;1064;1065;;;"";2023-06-26 00:32:05 UTC;2023-06-26 00:32:05 UTC
348;1066;1067;;;"";2023-06-26 00:36:39 UTC;2023-06-26 00:36:39 UTC
349;1065;1073;;;"";2023-06-26 12:13:02 UTC;2023-06-26 12:13:02 UTC
350;1080;1081;;;"";2023-06-26 12:32:28 UTC;2023-06-26 12:32:28 UTC
351;1074;1075;;;"";2023-06-26 12:34:24 UTC;2023-06-26 12:34:24 UTC
352;1078;1079;;;"";2023-06-26 12:37:08 UTC;2023-06-26 12:37:08 UTC
353;1082;1083;;;"";2024-07-12 00:06:52 UTC;2024-07-12 00:06:52 UTC
